{"5":{"VERRUGA-FC":71.05,"FLAPOLINARIO":67.83,"ROSSINENSE":59.43,"Tima\u00e7o do Mumu":58.31,"LAM BR":55.05,"Prosbild FC":47.16,"MIRANDEXTER F.R":37.73,"TimeThunder":37.35,"Nalucar FC":32.73,"TellesFLA":32.15,"NaSegundona":31.26,"EC ENIGMA FLA":25.77,"Santa Carupita S.C.":13.06},"6":{"Tima\u00e7o do Mumu":386,"TimeThunder":375.51,"FLAPOLINARIO":368.65999999999997,"VERRUGA-FC":348.53999999999996,"LAM BR":343.38,"TellesFLA":319.86,"Santa Carupita S.C.":295.86,"MIRANDEXTER F.R":288.65999999999997,"ROSSINENSE":281.12,"Prosbild FC":272.49,"NaSegundona":258.97999999999996,"Nalucar FC":243.25,"EC ENIGMA FLA":167.73000000000002},"7":{"TimeThunder":448.87,"MIRANDEXTER F.R":430.56,"FLAPOLINARIO":421.63,"ROSSINENSE":420.71,"LAM BR":402.41999999999996,"Tima\u00e7o do Mumu":391.98,"Prosbild FC":383.3,"Santa Carupita S.C.":367.45000000000005,"TellesFLA":314.75,"VERRUGA-FC":288.17,"NaSegundona":267.55999999999995,"Nalucar FC":229.07,"EC ENIGMA FLA":217.62},"8":{"MIRANDEXTER F.R":307.95,"Santa Carupita S.C.":304.94,"TellesFLA":299.11,"FLAPOLINARIO":288.55,"LAM BR":280.69,"Tima\u00e7o do Mumu":263.11,"Prosbild FC":259.61,"EC ENIGMA FLA":227.05,"ROSSINENSE":223.64,"Nalucar FC":220.35,"NaSegundona":210.08,"TimeThunder":198.14000000000001,"VERRUGA-FC":194.92},"9":{"LAM BR":254.82999999999998,"VERRUGA-FC":232.79,"Santa Carupita S.C.":227.02,"Nalucar FC":221.38,"MIRANDEXTER F.R":209.44,"TimeThunder":185.44,"FLAPOLINARIO":183.44,"ROSSINENSE":183.23,"Tima\u00e7o do Mumu":177.27999999999997,"Prosbild FC":173.27999999999997,"NaSegundona":156.74,"TellesFLA":144.73,"EC ENIGMA FLA":75.3},"10":{"MIRANDEXTER F.R":373.74,"Santa Carupita S.C.":348.61,"VERRUGA-FC":331.02,"TimeThunder":330.44999999999993,"TellesFLA":317.41,"ROSSINENSE":299.99,"FLAPOLINARIO":294.39,"Tima\u00e7o do Mumu":292.62,"Prosbild FC":284.14,"LAM BR":283.52,"Nalucar FC":228.23,"NaSegundona":202.42000000000002,"EC ENIGMA FLA":152.1},"11":{"LAM BR":625.24,"Santa Carupita S.C.":583.5,"MIRANDEXTER F.R":576.4799999999999,"FLAPOLINARIO":542.5,"Tima\u00e7o do Mumu":538.47,"TimeThunder":498.61,"Nalucar FC":490.07,"VERRUGA-FC":456.73,"ROSSINENSE":442.39,"Prosbild FC":333.2,"TellesFLA":317.38,"NaSegundona":257.2,"EC ENIGMA FLA":217.29999999999998},"12":{"VERRUGA-FC":146.42,"FLAPOLINARIO":141.27,"LAM BR":132.67000000000002,"Nalucar FC":130.07,"TimeThunder":122.32000000000001,"MIRANDEXTER F.R":100.34,"Prosbild FC":96.28,"ROSSINENSE":93.68,"Tima\u00e7o do Mumu":92.85,"NaSegundona":85.1,"Santa Carupita S.C.":78.07,"EC ENIGMA FLA":11.6,"TellesFLA":9.959999999999999}}